{
  "resources": [
    "speech.mp3"
  ],
  "spritemap": {
    "Mike1": {
      "start": 0,
      "end": 3.0040816326530613,
      "loop": false
    },
    "Mike2": {
      "start": 5,
      "end": 9.806530612244899,
      "loop": false
    },
    "Mike3": {
      "start": 11,
      "end": 15.806530612244899,
      "loop": false
    },
    "Mike4": {
      "start": 17,
      "end": 21.8065306122449,
      "loop": false
    },
    "Mike5": {
      "start": 23,
      "end": 25.42938775510204,
      "loop": false
    },
    "Mike6": {
      "start": 27,
      "end": 28.044897959183672,
      "loop": false
    },
    "Mike7": {
      "start": 30,
      "end": 31.071020408163264,
      "loop": false
    },
    "Mike8": {
      "start": 33,
      "end": 34.071020408163264,
      "loop": false
    },
    "Zak1": {
      "start": 36,
      "end": 36.60081632653061,
      "loop": false
    },
    "Zak2": {
      "start": 38,
      "end": 38.60081632653061,
      "loop": false
    },
    "Zak3": {
      "start": 40,
      "end": 40.757551020408165,
      "loop": false
    },
    "Zak4": {
      "start": 42,
      "end": 42.33959183673469,
      "loop": false
    },
    "Zak5": {
      "start": 44,
      "end": 44.522448979591836,
      "loop": false
    },
    "Zak6": {
      "start": 46,
      "end": 46.57469387755102,
      "loop": false
    },
    "becky1": {
      "start": 48,
      "end": 48.26122448979592,
      "loop": false
    },
    "becky10": {
      "start": 50,
      "end": 50.26122448979592,
      "loop": false
    },
    "becky2": {
      "start": 52,
      "end": 52.26122448979592,
      "loop": false
    },
    "becky3": {
      "start": 54,
      "end": 54.26122448979592,
      "loop": false
    },
    "becky4": {
      "start": 56,
      "end": 56.26122448979592,
      "loop": false
    },
    "becky5": {
      "start": 58,
      "end": 58.26122448979592,
      "loop": false
    },
    "becky6": {
      "start": 60,
      "end": 60.26122448979592,
      "loop": false
    },
    "becky7": {
      "start": 62,
      "end": 62.26122448979592,
      "loop": false
    },
    "becky8": {
      "start": 64,
      "end": 64.26122448979592,
      "loop": false
    },
    "becky9": {
      "start": 66,
      "end": 66.26122448979592,
      "loop": false
    },
    "dolphcall_med": {
      "start": 68,
      "end": 68.6008163265306,
      "loop": false
    },
    "dolphcall_short": {
      "start": 70,
      "end": 70.41795918367347,
      "loop": false
    },
    "hello_long": {
      "start": 72,
      "end": 72.57469387755103,
      "loop": false
    },
    "hello_med": {
      "start": 74,
      "end": 74.57469387755103,
      "loop": false
    },
    "hello_short": {
      "start": 76,
      "end": 76.49632653061225,
      "loop": false
    },
    "karen1": {
      "start": 78,
      "end": 78.36571428571429,
      "loop": false
    },
    "karen2": {
      "start": 80,
      "end": 80.3134693877551,
      "loop": false
    },
    "karen3": {
      "start": 82,
      "end": 82.18285714285715,
      "loop": false
    },
    "karen4": {
      "start": 84,
      "end": 84.3395918367347,
      "loop": false
    },
    "karen5": {
      "start": 86,
      "end": 86.20897959183674,
      "loop": false
    },
    "karen6": {
      "start": 88,
      "end": 88.15673469387755,
      "loop": false
    },
    "loop1": {
      "start": 90,
      "end": 106.06530612244899,
      "loop": false
    },
    "loop10": {
      "start": 108,
      "end": 124.06530612244899,
      "loop": false
    },
    "loop2": {
      "start": 126,
      "end": 142.065306122449,
      "loop": false
    },
    "loop3": {
      "start": 144,
      "end": 160.065306122449,
      "loop": false
    },
    "loop4": {
      "start": 162,
      "end": 178.065306122449,
      "loop": false
    },
    "loop5": {
      "start": 180,
      "end": 196.065306122449,
      "loop": false
    },
    "loop6": {
      "start": 198,
      "end": 214.065306122449,
      "loop": false
    },
    "loop7": {
      "start": 216,
      "end": 232.065306122449,
      "loop": false
    },
    "loop8": {
      "start": 234,
      "end": 250.065306122449,
      "loop": false
    },
    "loop9": {
      "start": 252,
      "end": 268.065306122449,
      "loop": false
    },
    "orb_short": {
      "start": 270,
      "end": 270.55201814058955,
      "loop": false
    },
    "orb_short2": {
      "start": 272,
      "end": 273.03201814058957,
      "loop": false
    },
    "orb_short3": {
      "start": 275,
      "end": 276.44,
      "loop": false
    },
    "orb_short4": {
      "start": 278,
      "end": 278.6,
      "loop": false
    },
    "orb_short5": {
      "start": 280,
      "end": 280.8880045351474,
      "loop": false
    },
    "orb_short6": {
      "start": 282,
      "end": 282.96,
      "loop": false
    }
  }
}