{
  "resources": [
    "speech.mp3"
  ],
  "spritemap": {
    "Mike1": {
      "start": 0,
      "end": 3.0040816326530613,
      "loop": false
    },
    "Mike2": {
      "start": 5,
      "end": 9.806530612244899,
      "loop": false
    },
    "Mike3": {
      "start": 11,
      "end": 15.806530612244899,
      "loop": false
    },
    "Mike4": {
      "start": 17,
      "end": 21.8065306122449,
      "loop": false
    },
    "Mike5": {
      "start": 23,
      "end": 25.42938775510204,
      "loop": false
    },
    "Mike6": {
      "start": 27,
      "end": 28.044897959183672,
      "loop": false
    },
    "Mike7": {
      "start": 30,
      "end": 31.071020408163264,
      "loop": false
    },
    "Mike8": {
      "start": 33,
      "end": 34.071020408163264,
      "loop": false
    },
    "Zak1": {
      "start": 36,
      "end": 36.60081632653061,
      "loop": false
    },
    "Zak2": {
      "start": 38,
      "end": 38.60081632653061,
      "loop": false
    },
    "Zak3": {
      "start": 40,
      "end": 40.757551020408165,
      "loop": false
    },
    "Zak4": {
      "start": 42,
      "end": 42.33959183673469,
      "loop": false
    },
    "Zak5": {
      "start": 44,
      "end": 44.522448979591836,
      "loop": false
    },
    "Zak6": {
      "start": 46,
      "end": 46.57469387755102,
      "loop": false
    },
    "becky1": {
      "start": 48,
      "end": 48.26122448979592,
      "loop": false
    },
    "becky10": {
      "start": 50,
      "end": 50.26122448979592,
      "loop": false
    },
    "becky2": {
      "start": 52,
      "end": 52.26122448979592,
      "loop": false
    },
    "becky3": {
      "start": 54,
      "end": 54.26122448979592,
      "loop": false
    },
    "becky4": {
      "start": 56,
      "end": 56.26122448979592,
      "loop": false
    },
    "becky5": {
      "start": 58,
      "end": 58.26122448979592,
      "loop": false
    },
    "becky6": {
      "start": 60,
      "end": 60.26122448979592,
      "loop": false
    },
    "becky7": {
      "start": 62,
      "end": 62.26122448979592,
      "loop": false
    },
    "becky8": {
      "start": 64,
      "end": 64.26122448979592,
      "loop": false
    },
    "becky9": {
      "start": 66,
      "end": 66.26122448979592,
      "loop": false
    },
    "cave1": {
      "start": 68,
      "end": 70.50775510204082,
      "loop": false
    },
    "cave2": {
      "start": 72,
      "end": 74.56,
      "loop": false
    },
    "cave3": {
      "start": 76,
      "end": 78.69061224489796,
      "loop": false
    },
    "cave4": {
      "start": 80,
      "end": 82.19428571428571,
      "loop": false
    },
    "cave5": {
      "start": 84,
      "end": 88.51918367346939,
      "loop": false
    },
    "cave6": {
      "start": 90,
      "end": 91.38448979591837,
      "loop": false
    },
    "dialup": {
      "start": 93,
      "end": 109.24816326530612,
      "loop": false
    },
    "dolphcall_med": {
      "start": 111,
      "end": 111.6008163265306,
      "loop": false
    },
    "dolphcall_short": {
      "start": 113,
      "end": 113.41795918367347,
      "loop": false
    },
    "glitchloop1": {
      "start": 115,
      "end": 134.61795918367346,
      "loop": false
    },
    "hello_long": {
      "start": 136,
      "end": 136.57469387755103,
      "loop": false
    },
    "hello_med": {
      "start": 138,
      "end": 138.57469387755103,
      "loop": false
    },
    "hello_short": {
      "start": 140,
      "end": 140.49632653061224,
      "loop": false
    },
    "karen1": {
      "start": 142,
      "end": 142.3657142857143,
      "loop": false
    },
    "karen2": {
      "start": 144,
      "end": 144.3134693877551,
      "loop": false
    },
    "karen3": {
      "start": 146,
      "end": 146.18285714285713,
      "loop": false
    },
    "karen4": {
      "start": 148,
      "end": 148.33959183673468,
      "loop": false
    },
    "karen5": {
      "start": 150,
      "end": 150.20897959183674,
      "loop": false
    },
    "karen6": {
      "start": 152,
      "end": 152.15673469387755,
      "loop": false
    },
    "loop1": {
      "start": 154,
      "end": 170.065306122449,
      "loop": false
    },
    "loop10": {
      "start": 172,
      "end": 188.065306122449,
      "loop": false
    },
    "loop11": {
      "start": 190,
      "end": 206.065306122449,
      "loop": false
    },
    "loop12": {
      "start": 208,
      "end": 224.065306122449,
      "loop": false
    },
    "loop13": {
      "start": 226,
      "end": 242.065306122449,
      "loop": false
    },
    "loop14": {
      "start": 244,
      "end": 252.07183673469387,
      "loop": false
    },
    "loop15": {
      "start": 254,
      "end": 270.065306122449,
      "loop": false
    },
    "loop16": {
      "start": 272,
      "end": 288.065306122449,
      "loop": false
    },
    "loop17": {
      "start": 290,
      "end": 306.065306122449,
      "loop": false
    },
    "loop18": {
      "start": 308,
      "end": 324.065306122449,
      "loop": false
    },
    "loop19": {
      "start": 326,
      "end": 342.065306122449,
      "loop": false
    },
    "loop2": {
      "start": 344,
      "end": 360.065306122449,
      "loop": false
    },
    "loop20": {
      "start": 362,
      "end": 378.065306122449,
      "loop": false
    },
    "loop3": {
      "start": 380,
      "end": 396.065306122449,
      "loop": false
    },
    "loop4": {
      "start": 398,
      "end": 414.065306122449,
      "loop": false
    },
    "loop5": {
      "start": 416,
      "end": 432.065306122449,
      "loop": false
    },
    "loop6": {
      "start": 434,
      "end": 450.065306122449,
      "loop": false
    },
    "loop7": {
      "start": 452,
      "end": 468.065306122449,
      "loop": false
    },
    "loop9": {
      "start": 470,
      "end": 486.065306122449,
      "loop": false
    },
    "orb_short": {
      "start": 488,
      "end": 488.55201814058955,
      "loop": false
    },
    "orb_short2": {
      "start": 490,
      "end": 491.03201814058957,
      "loop": false
    },
    "orb_short3": {
      "start": 493,
      "end": 494.44,
      "loop": false
    },
    "orb_short4": {
      "start": 496,
      "end": 496.6,
      "loop": false
    },
    "orb_short5": {
      "start": 498,
      "end": 498.8880045351474,
      "loop": false
    },
    "orb_short6": {
      "start": 500,
      "end": 500.96,
      "loop": false
    },
    "wave": {
      "start": 502,
      "end": 505.3175510204082,
      "loop": false
    }
  }
}